{
    "NecessityOfTheSituation": {
        "mussel": 0.22231404958677686,
        "li": 0.15179063360881542,
        "krumm": 0.6258953168044077
    },
    "RationalityOfOptions": {
        "mussel": 0.06336088154269973,
        "li": 0.28829201101928376,
        "krumm": 0.6483471074380165
    },
    "OverallItemQuality": {
        "mussel": 0.22272727272727272,
        "li": 0.1502754820936639,
        "krumm": 0.6269972451790633
    },
    "RationalityOfScoring": {
        "mussel": 0.1980716253443526,
        "li": 0.1703856749311295,
        "krumm": 0.6315426997245179
    }
}